FID,Area_km2,FREQUENCY,UNIQUE_NAME_E,UNIQUE_TYPE_E,UNIQUE_OWNER_E
-1,14999.225681199999599,1,1,1,1
-1,31916.707469799999672,1,1,1,1
-1,46269.641142499996931,1,1,1,1
-1,70024.943330699999933,1,1,1,1
-1,109612.568849000002956,1,1,1,1
-1,114083.001392999998643,1,1,1,1
-1,143357.042156000010436,1,1,1,1
-1,149632.803829999989830,1,1,1,1
-1,150131.166609999985667,1,1,1,1
-1,172374.372730000002775,1,1,1,1
-1,173540.218988999986323,1,1,1,1
-1,177079.325894000008702,1,1,1,1
-1,179521.471744999988005,1,1,1,1
-1,189398.850046000006841,1,1,1,1
-1,195401.957140999991680,1,1,1,1
-1,209301.678518000000622,1,1,1,1
-1,231910.260122999985470,1,1,1,1
-1,252056.979094000009354,1,1,1,1
-1,264582.453572999977041,1,1,1,1
-1,268603.236901000025682,1,1,1,1
-1,274891.907960999989882,1,1,1,1
-1,283655.913143999991007,1,1,1,1
-1,320290.829909000021871,1,1,1,1
-1,330399.418544000014663,1,1,1,1
-1,340080.712944000028074,1,1,1,1
-1,348664.972038000007160,1,1,1,1
-1,370167.457295999978669,1,1,1,1
-1,377708.644342000014149,1,1,1,1
-1,379960.695306000008713,1,1,1,1
-1,481451.534000999992713,1,1,1,1
-1,541062.591822999995202,1,1,1,1
-1,571269.855294000008143,1,1,1,1
-1,575245.828184999991208,1,1,1,1
-1,585537.813134000054561,1,1,1,1
-1,587088.301057999953628,1,1,1,1
-1,627713.885279000038281,1,1,1,1
-1,677697.400377999991179,1,1,1,1
-1,756351.363080000039190,1,1,1,1
-1,811581.785446000052616,1,1,1,1
-1,816120.084785999963060,1,1,1,1
-1,889392.558757000020705,1,1,1,1
-1,890179.380820999969728,1,1,1,1
-1,909929.560915000038221,1,1,1,1
-1,933839.247133999946527,1,1,1,1
-1,951292.323300000047311,1,1,1,1
-1,1036963.957189999986440,1,1,1,1
-1,1250523.926919999998063,1,1,1,1
-1,1291930.298070000018924,1,1,1,1
-1,1297129.675689999945462,1,1,1,1
-1,1465439.147869999986142,1,1,1,1
-1,1477506.023210000013933,1,1,1,1
-1,1522672.671480000019073,1,1,1,1
-1,1607173.699250000063330,1,1,1,1
-1,1696907.589799999957904,1,1,1,1
-1,1718675.917840000009164,1,1,1,1
-1,1767966.532140000024810,1,1,1,1
-1,1947637.335190000012517,1,1,1,1
-1,2050985.018099999986589,1,1,1,1
-1,2051558.385520000010729,1,1,1,1
-1,2242313.702659999951720,1,1,1,1
-1,2280735.773279999848455,1,1,1,1
-1,2403554.975990000180900,1,1,1,1
-1,2465175.244529999792576,1,1,1,1
-1,2536350.666170000098646,1,1,1,1
-1,2614344.955930000171065,1,1,1,1
-1,2752840.065270000137389,1,1,1,1
-1,2764030.055790000129491,1,1,1,1
-1,2881671.700430000200868,1,1,1,1
-1,3134841.184580000117421,1,1,1,1
-1,3204256.554719999898225,1,1,1,1
-1,3398707.531320000067353,1,1,1,1
-1,3488423.238260000012815,1,1,1,1
-1,3517442.480659999884665,1,1,1,1
-1,3844194.215880000032485,1,1,1,1
-1,4043146.095670000184327,1,1,1,1
-1,4466357.557599999941885,1,1,1,1
-1,4630054.241709999740124,1,1,1,1
-1,4636012.948069999925792,1,1,1,1
-1,4724797.313280000351369,1,1,1,1
-1,5040462.825960000045598,1,1,1,1
-1,5209177.415040000341833,1,1,1,1
-1,5425151.088720000348985,1,1,1,1
-1,5825361.530679999850690,1,1,1,1
-1,5829552.589639999903738,1,1,1,1
-1,5949632.091860000044107,1,1,1,1
-1,6479103.746369999833405,1,1,1,1
-1,7365603.623920000158250,1,1,1,1
-1,7401661.883709999732673,1,1,1,1
-1,7606085.057850000448525,1,1,1,1
-1,7682960.882720000110567,1,1,1,1
-1,7787473.869959999807179,1,1,1,1
-1,7974775.993119999766350,1,1,1,1
-1,8667291.554810000583529,1,1,1,1
-1,8828864.325710000470281,1,1,1,1
-1,8962260.781749999150634,1,1,1,1
-1,9055706.901280000805855,1,1,1,1
-1,9802582.876779999583960,1,1,1,1
-1,11746348.347400000318885,1,1,1,1
-1,11981191.858100000768900,1,1,1,1
-1,15525387.116599999368191,1,1,1,1
-1,17862029.559799998998642,1,1,1,1
-1,18674718.570700000971556,1,1,1,1
-1,20823722.078699998557568,1,1,1,1
-1,21393104.506900001317263,1,1,1,1
-1,21594771.044500000774860,1,1,1,1
-1,26796543.900499999523163,1,1,1,1
-1,29057734.362799998372793,1,1,1,1
-1,29170686.835999999195337,1,1,1,1
-1,29816679.314699999988079,1,1,1,1
-1,30588224.862199999392033,1,1,1,1
-1,30999544.618999999016523,1,1,1,1
-1,31872683.588300000876188,1,1,1,1
-1,33051327.138000000268221,1,1,1,1
-1,33915297.258900001645088,1,1,1,1
-1,34457637.296899996697903,1,1,1,1
-1,35599536.737099997699261,1,1,1,1
-1,36455451.996200002729893,1,1,1,1
-1,36511366.654299996793270,1,1,1,1
-1,40226902.556000001728535,1,1,1,1
-1,48830768.111299999058247,1,1,1,1
-1,49173156.586099997162819,1,1,1,1
-1,50024796.708200000226498,1,1,1,1
-1,51302155.317100003361702,1,1,1,1
-1,52352408.250299997627735,1,1,1,1
-1,52503678.102499999105930,1,1,1,1
-1,52706961.205499999225140,1,1,1,1
-1,62556408.683300003409386,1,1,1,1
-1,63862453.372699998319149,1,1,1,1
-1,65144365.851400002837181,1,1,1,1
-1,66613825.401600003242493,1,1,1,1
-1,68967271.717899993062019,1,1,1,1
-1,71979465.609300002455711,1,1,1,1
-1,79342643.625499993562698,1,1,1,1
-1,84446025.286799997091293,1,1,1,1
-1,86390553.925799995660782,1,1,1,1
-1,86975536.693200007081032,1,1,1,1
-1,96176186.687700003385544,1,1,1,1
-1,97067148.056299999356270,1,1,1,1
-1,98213519.941799998283386,1,1,1,1
-1,101803332.584999993443489,1,1,1,1
-1,108003803.438999995589256,1,1,1,1
-1,110424077.416999995708466,1,1,1,1
-1,113258294.621999993920326,1,1,1,1
-1,119148601.298999994993210,1,1,1,1
-1,126470355.721000000834465,1,1,1,1
-1,156270899.613000005483627,1,1,1,1
-1,156647552.715000003576279,1,1,1,1
-1,159673102.310000002384186,1,1,1,1
-1,163288439.467999994754791,1,1,1,1
-1,164800299.460999995470047,1,1,1,1
-1,166030005.037000000476837,1,1,1,1
-1,167721246.900000005960464,1,1,1,1
-1,181689016.970999985933304,1,1,1,1
-1,183942559.192000001668930,1,1,1,1
-1,196772814.006999999284744,1,1,1,1
-1,197064690.243000000715256,1,1,1,1
-1,197521191.370999991893768,1,1,1,1
-1,197708910.800000011920929,1,1,1,1
-1,214500023.719999998807907,1,1,1,1
-1,221626785.981999993324280,1,1,1,1
-1,225545602.513999998569489,1,1,1,1
-1,235236294.708999991416931,1,1,1,1
-1,243015803.661000013351440,1,1,1,1
-1,275103106.867999970912933,1,1,1,1
-1,303041146.268000006675720,1,1,1,1
-1,334772892.774999976158142,1,1,1,1
-1,345508942.847999989986420,1,1,1,1
-1,359133818.838999986648560,1,1,1,1
-1,390756759.305999994277954,1,1,1,1
-1,393615075.815999984741211,1,1,1,1
-1,396163382.407000005245209,1,1,1,1
-1,403847248.147000014781952,1,1,1,1
-1,407636833.591000020503998,1,1,1,1
-1,422900406.523000001907349,1,1,1,1
-1,443201705.294000029563904,1,1,1,1
-1,475451777.041000008583069,1,1,1,1
-1,495822968.198000013828278,1,1,1,1
-1,527100188.982999980449677,1,1,1,1
-1,530975752.463999986648560,1,1,1,1
-1,570234940.633000016212463,1,1,1,1
-1,611473410.169999957084656,1,1,1,1
-1,683977153.225999951362610,1,1,1,1
-1,704993820.432999968528748,1,1,1,1
-1,712050584.445999979972839,1,1,1,1
-1,719774933.909000039100647,1,1,1,1
-1,727591591.524000048637390,1,1,1,1
-1,765987925.677000045776367,1,1,1,1
-1,820868008.654000043869019,1,1,1,1
-1,845306402.552000045776367,1,1,1,1
-1,941063381.996000051498413,1,1,1,1
-1,1018397318.190000057220459,1,1,1,1
-1,1049530848.370000004768372,1,1,1,1
-1,1191121597.630000114440918,1,1,1,1
-1,1282644888.650000095367432,1,1,1,1
-1,1381294573.700000047683716,1,1,1,1
-1,1405140009.380000114440918,1,1,1,1
-1,1405672716.319999933242798,1,1,1,1
-1,1431720426.730000019073486,1,1,1,1
-1,1489916958.970000028610229,1,1,1,1
-1,1494995771.349999904632568,1,1,1,1
-1,1502288359.279999971389771,1,1,1,1
-1,1537674943.369999885559082,1,1,1,1
-1,1810309652.980000019073486,1,1,1,1
-1,2184039550.309999942779541,1,1,1,1
-1,2227163954.170000076293945,1,1,1,1
-1,2326268868.190000057220459,1,1,1,1
-1,2409779102.130000114440918,1,1,1,1
-1,2511348438.309999942779541,1,1,1,1
-1,2737128398.219999790191650,1,1,1,1
-1,2909618641.239999771118164,1,1,1,1
-1,3161926983.349999904632568,1,1,1,1
-1,3309121236.750000000000000,1,1,1,1
-1,4039889278.710000038146973,1,1,1,1
-1,5414824657.489999771118164,1,1,1,1
-1,6109960965.199999809265137,1,1,1,1
-1,6371109335.869999885559082,1,1,1,1
-1,7276113147.720000267028809,1,1,1,1
-1,7484652290.420000076293945,1,1,1,1
-1,8536788554.409999847412109,1,1,1,1
-1,8837229956.069999694824219,1,1,1,1
-1,10223145408.100000381469727,1,1,1,1
-1,10362582976.200000762939453,1,1,1,1
-1,11455812207.500000000000000,1,1,1,1
-1,14828426503.000000000000000,1,1,1,1
-1,17242543552.900001525878906,1,1,1,1
-1,42597616538.800003051757812,1,1,1,1
-1,43939691129.000000000000000,1,1,1,1
-1,54742271684.599998474121094,1,1,1,1
-1,82455473547.399993896484375,1,1,1,1
-1,106102720983.000000000000000,1,1,1,1
-1,318326472014.000000000000000,1,1,1,1
